{
	"partitions" : [
		{
			"name" : "Top",
			"pins" : [
				{
					"name" : "rgb1[0]",
					"strict" : false
				},
				{
					"name" : "rgb1[1]",
					"strict" : false
				},
				{
					"name" : "rgb1[2]",
					"strict" : false
				},
				{
					"name" : "rgb2[0]",
					"strict" : false
				},
				{
					"name" : "rgb2[1]",
					"strict" : false
				},
				{
					"name" : "rgb2[2]",
					"strict" : false
				},
				{
					"name" : "rgb3[0]",
					"strict" : false
				},
				{
					"name" : "rgb3[1]",
					"strict" : false
				},
				{
					"name" : "rgb3[2]",
					"strict" : false
				},
				{
					"name" : "rgb4[0]",
					"strict" : false
				},
				{
					"name" : "rgb4[1]",
					"strict" : false
				},
				{
					"name" : "rgb4[2]",
					"strict" : false
				},
				{
					"name" : "S2",
					"strict" : false
				},
				{
					"name" : "S3",
					"strict" : false
				},
				{
					"name" : "tx",
					"strict" : false
				},
				{
					"name" : "cs_out",
					"strict" : false
				},
				{
					"name" : "clk_50MHz",
					"strict" : false
				},
				{
					"name" : "altera_reserved_tms",
					"strict" : false
				},
				{
					"name" : "altera_reserved_tck",
					"strict" : false
				},
				{
					"name" : "altera_reserved_tdi",
					"strict" : false
				},
				{
					"name" : "altera_reserved_tdo",
					"strict" : false
				}
			]
		}
	]
}