{
	"partitions" : [
		{
			"name" : "Top",
			"pins" : [
				{
					"name" : "clk_3125KHz",
					"strict" : false
				},
				{
					"name" : "in1",
					"strict" : false
				},
				{
					"name" : "in2",
					"strict" : false
				},
				{
					"name" : "in3",
					"strict" : false
				},
				{
					"name" : "in4",
					"strict" : false
				},
				{
					"name" : "l1",
					"strict" : false
				},
				{
					"name" : "l2",
					"strict" : false
				},
				{
					"name" : "l3",
					"strict" : false
				},
				{
					"name" : "pwm_A",
					"strict" : false
				},
				{
					"name" : "pwm_B",
					"strict" : false
				},
				{
					"name" : "adc_cs_n",
					"strict" : false
				},
				{
					"name" : "din",
					"strict" : false
				},
				{
					"name" : "clk_50MHz",
					"strict" : false
				},
				{
					"name" : "dig_out",
					"strict" : false
				},
				{
					"name" : "altera_reserved_tms",
					"strict" : false
				},
				{
					"name" : "altera_reserved_tck",
					"strict" : false
				},
				{
					"name" : "altera_reserved_tdi",
					"strict" : false
				},
				{
					"name" : "altera_reserved_tdo",
					"strict" : false
				}
			]
		}
	]
}